{"cameraMode":{"drawMode":0,"name":"Shaded","section":"Shading Mode"},"sceneLighting":true,"audioPlay":false,"sceneViewState":{"m_AlwaysRefresh":false,"showFog":true,"showSkybox":true,"showFlares":true,"showImageEffects":true,"showParticleSystems":true,"showVisualEffectGraphs":true,"m_FxEnabled":true},"in2DMode":false,"pivot":{"x":0.43341636657714846,"y":-2.7122716903686525,"z":1.5194346904754639},"rotation":{"x":0.31805968284606936,"y":0.5241765379905701,"z":-0.2197040468454361,"w":0.7588362097740173},"size":4.181309700012207,"orthographic":true}