{"cameraMode":{"drawMode":0,"name":"Shaded","section":"Shading Mode"},"sceneLighting":false,"audioPlay":false,"sceneViewState":{"m_AlwaysRefresh":false,"showFog":true,"showSkybox":false,"showFlares":true,"showImageEffects":true,"showParticleSystems":true,"showVisualEffectGraphs":true,"m_FxEnabled":true},"in2DMode":false,"pivot":{"x":0.25342774391174319,"y":-2.0416438579559328,"z":0.08897185325622559},"rotation":{"x":-0.01569800265133381,"y":-0.9839666485786438,"z":0.13815997540950776,"w":-0.11175565421581269},"size":5.3561906814575199,"orthographic":false}